indx;name;lat;lon
20594;Озеро Таймыр;74.59;101.41
20667;Им. М.В. Попова;73.33;70.05
20674;Остров Диксон;73.5;80.4
20679;Усть-Тарея;73.22;89.72
20696;М.Косистый;73.67;109.73
20864;Тамбей;71.5;71.83
20871;Сопочная Карга;71.86;82.7
20891;Хатанга;71.98;102.46
20963;Гыдоямо;70.88;78.46
20973;Кресты Таймырские;70.86;89.89
21504;Остров Преображения;74.66;112.92
21715;Таймылыр;72.61;122.1
21749;Китисно;72.26;148.71
21802;Саскылах;71.96;114.08
21824;Тикси;71.58;128.91
21835;Нижнеянск;71.57;136.25
21946;Чокурдах;70.61;147.88
21955;Алазея;70.82;153.73
22095;Колгуев Северный;69.53;49.08
22113;Мурманск;68.96;33.05
22349;Пялица;66.16;39.53
22383;Нижняя Пеша;66.75;47.76
22422;Гридино;65.9;34.76
22471;Мезень;65.86;44.21
22550;Архангельск;64.58;40.5
22563;Пинега;64.7;43.38
22583;Койнас;64.75;47.65
22621;Сегежа;63.73;34.3
22641;Онега;63.9;38.11
22676;Сура;63.58;45.63
22762;Двинский Березняк;62.86;42.71
22768;Шенкурск;62.1;42.9
22778;Верхняя Тойма;62.23;45.03
22798;Яренск;62.16;49.08
22820;Петрозаводск;61.81;34.26
22845;Каргополь;61.5;38.93
22867;Вельск;61.08;42.11
22887;Котлас;61.23;46.63
22974;Нюксеница;60.24;44.15
22981;Великий Устюг;60.76;46.29
22996;Обьячево;60.36;49.65
23022;Амдерма;69.75;61.7
23032;Марресаля;69.71;66.8
23074;Дудинка;69.4;86.16
23103;Ходовариха;68.93;53.76
23112;Варандей;68.49;58.01
23121;Коротаиха;68.46;61.26
23146;М.Каменный;68.47;73.6
23174;Потапово;68.4;86.15
23205;Нарьян-Мар;67.63;53.03
23226;Воркута;67.48;64.01
23242;Новый Порт;67.69;72.94
23256;Тазовск;67.46;78.73
23330;Салехард;66.53;66.53
23333;Салемал;66.8;68.81
23345;Ныда;66.63;72.96
23365;Сидоровск;66.6;82.3
23383;Агата;66.88;93.46
23405;Усть-Цильма;65.44;52.16
23418;Печора;65.11;57.1
23445;Надым;65.53;72.51
23472;Туруханск;65.78;87.93
23499;Тембенчи;64.57;98.54
23501;Левкинская;64.46;51.05
23518;Усть-Шугор;64.16;57.37
23552;Тарко-Сале;64.91;77.81
23578;Верещагино;64.23;87.46
23606;Ухта;63.56;53.71
23625;Сосьва;63.65;61.98
23632;Казым;63.71;67.23
23662;Толька;63.98;82.08
23691;Учами;63.81;96.45
23701;Весляна;62.98;50.9
23711;Троицко-Печорское;62.7;56.2
23788;Кузьмовка;62.31;92.11
23803;Усть-Кулом;61.68;53.68
23804;Сыктывкар;61.66;50.85
23849;Сургут;61.25;73.5
23859;Лобчинское;61.04;78.54
23904;Койгородок;60.27;50.58
23909;Гайны;60.28;54.3
23914;Чердынь;60.4;56.51
23921;Ивдель;60.68;60.45
23933;Ханты-Мансийск;60.96;69.06
23955;Александровское;60.43;77.86
23966;Ванжиль-Кынак;60.35;84.08
23975;Сым;60.35;88.36
23992;Усть-Камо;60.71;97.51
24052;Саханджа;69.8;128.2
24105;Ессей;68.46;102.36
24125;Оленек;68.5;112.43
24143;Джарджан;68.73;124
24166;Янск;68.44;134.79
24329;Шелагонцы;66.25;114.28
24343;Жиганск;66.76;123.4
24382;Усть-Мома;66.45;143.23
24507;Тура;64.16;100.06
24561;Сурен-Кюель;65;130.68
24598;Дарпир;64.09;148.03
24629;Сюльджюкар;63.21;113.63
24639;Нюрба;63.28;118.33
24641;Вилюйскк;63.76;121.61
24652;Сангары;63.96;127.46
24668;Верхоянский Перевоз;63.31;132.01
24671;Томпо;63.95;135.86
24688;Оймякон;63.25;143.15
24724;Чернышевский;63.03;112.5
24738;Сунтар;62.15;117.65
24817;Ербогачен;61.26;108.01
24871;Охотский Перевоз;61.86;135.5
24891;Кулу;61.9;147.41
24908;Ванавара;60.33;102.26
24923;Ленск;60.71;114.88
24944;Олекминск;60.4;120.41
24959;Якутск;62.08;129.75
24966;Усть-Мая;60.38;134.45
24982;Уега;60.71;142.78
25017;Андрюшкино;69.16;154.5
25044;Серов;69.5;166.56
25051;Певек;69.69;170.25
25052;Певека;69.8;170.6
25123;Черский;68.8;161.28
25282;Мыс Ванкарем;67.83;-175.9
25325;Усть-Олой;66.55;159.41
25356;Эньмувеем;66.38;173.33
25378;Эгвекинот;66.35;-179.11
25399;Уэлен;66.16;-169.84
25428;Омолон;65.23;160.53
25449;Ерополь;65.26;168.67
25503;Коркодон;64.75;153.96
25538;Верхне-Пенжино;64.13;164.58
25551;Марково;64.68;170.41
25563;Анадырь;64.78;177.56
25594;Бухта Провидения;64.41;-173.23
25621;Кедон;64;158.91
25656;Березово;63.44;172.69
25677;Беринговская;63.05;179.32
25703;Сеймчан;62.91;152.41
25767;Хатырка;62.05;175.2
25821;Наяхан;61.92;158.98
25902;Атка;60.85;151.77
25913;Магадан;59.58;150.78
25932;Тайгонос;60.68;160.39
25954;Корф;60.35;166
25956;Апука;60.42;169.58
26063;Санкт-Петербург;59.96;30.3
26179;Новгород;58.51;31.28
26258;Псков;57.83;28.35
26477;Великие Луки;56.38;30.6
26702;Калининград;54.7;20.61
26781;Смоленск;54.75;32.06
26898;Брянск;53.33;34.23
27037;Вологда;59.28;39.86
27051;Тотьма;59.96;42.75
27083;Опарино;59.85;48.28
27097;Мураши;59.23;48.59
27113;Череповец;59.11;37.93
27199;Киров;58.6;49.63
27225;Рыбинск;58;38.83
27242;Буй;58.48;41.53
27271;Шарья;58.36;45.53
27283;Котельнич;58.3;48.35
27330;Ярославль;57.58;39.91
27333;Кострома;57.73;40.95
27347;Иваново;56.95;40.93
27355;Юрьевец;57.33;43.11
27402;Тверь;56.83;35.9
27417;Клин;56.31;36.75
27419;Дмитров;56.35;37.56
27459;Нижний Новгород;56.26;44
27479;Козьмодемьянск;56.35;46.56
27485;Йошкар-Ола;56.63;47.83
27502;Волоколамск;56.01;35.93
27511;Н.-Иерусалим;55.9;36.81
27514;Шереметьево;55.96;37.41
27523;Пав.Посад;55.76;38.68
27524;Внуково;55.55;37.25
27527;Быково;55.63;38.06
27532;Владимир;56.13;40.38
27538;Черусти;55.55;40.01
27581;Чебоксары;56.15;47.28
27595;Казань;55.78;49.18
27611;Наро-Фоминск;55.38;36.75
27612;Москва (Ввц);55.75;37.56
27613;Домодедово;55.4;37.9
27618;Серпухов;54.93;37.46
27623;Егорьевск;55.38;39.01
27625;Коломна;55.13;38.73
27627;Кашира;54.83;38.15
27629;Третьяково;54.93;39.05
27648;Елатьма;54.95;41.76
27703;Калуга;54.56;36.36
27719;Тула;54.2;37.65
27730;Рязань I;54.63;39.7
27760;Саранск;54.18;45.18
27786;Ульяновск;54.28;48.25
27857;Заметчино;53.48;42.63
27906;Орел;53;36.03
27930;Липецк;52.61;39.59
27947;Тамбов II;52.73;41.46
27962;Пенза;53.11;45.01
28116;Кудымкар;58.98;54.65
28224;Пермь I;58.01;56.3
28255;Туринск;58.05;63.68
28275;Тобольск;58.15;68.18
28367;Тюмень;57.15;65.5
28382;Усть-Ишим;57.71;71.18
28411;Ижевск;56.81;53.26
28418;Сарапул;56.46;53.81
28419;Янаул;56.26;54.9
28440;Екатеринбург;56.8;60.63
28469;Вагай;56.29;67.22
28493;Тара;56.9;74.38
28506;Елабуга;55.76;52.06
28602;Чистополь;55.35;50.61
28621;Бирск;55.41;55.53
28642;Челябинск II;55.3;61.53
28661;Курган;55.46;65.4
28698;Омск;54.93;73.4
28722;Уфа;54.75;56
28748;Троицк;54.08;61.61
28806;Бугуруслан;53.63;52.41
28807;Самара(Смышляевка);53.23;50.43
28838;Магнитогорск I;53.35;59.08
29231;Колпашево II;58.3;82.9
29253;Лосиноборское;58.43;89.36
29263;Енисейск;58.45;92.15
29313;Пудино;57.53;79.36
29430;Томск I;56.43;84.96
29557;Тисуль;55.75;88.31
29570;Красноярск I;56.03;92.75
29581;Канск;56.2;95.68
29605;Татарск;55.2;75.96
29612;Барабинск;55.36;78.4
29634;Новосибирск;55.03;82.9
29698;Нижнеудинск;54.88;99.03
29706;Купино;54.36;77.28
29838;Барнаул I;53.33;83.7
29846;Новокузнецк;53.73;87.18
29862;Хакасская;53.76;91.31
29999;Орлик II;52.5;99.81
30028;Ика;59.28;106.16
30054;Витим;59.45;112.58
30117;Усть-Илимск;58.03;102.73
30173;Тяня;59;119.8
30253;Бодайбо;57.85;114.2
30328;Орлинга;56.05;105.83
30372;Чара;56.91;118.36
30385;Усть-Нюкжа;56.58;121.48
30405;Тангуй;55.38;100.96
30455;Уакит;55.46;113.61
30521;Жигалово;54.8;105.16
30603;Зима;53.93;102.05
30650;Романовка;53.2;112.78
30664;Тунгокочен;53.56;115.56
30686;Игнашино;53.46;122.4
30710;Иркутск;52.26;104.35
30758;Чита II;52.01;113.33
30802;Монды;51.68;100.98
30823;Улан-Удэ;51.8;107.43
30859;Агинское;51.11;114.55
30862;Шилка;51.85;116.01
31004;Алдан;58.61;125.36
31054;Усть-Юдома;59.18;135.15
31088;Охотск;59.36;143.2
31097;Ушки;59.21;146.21
31123;Чюльбю;57.76;130.9
31137;Токо;56.28;131.13
31168;Аян;56.45;138.15
31199;Унаха;55.02;126.48
31300;Зея;53.75;127.23
31338;Селемджа;53.08;133.58
31348;Бурукан;53.05;136.03
31489;Горин;51.26;136.58
31510;Благовещенск;50.26;127.5
31532;Чекунда;50.81;132.16
31713;Биробиджан;48.7;132.88
31735;Хабаровск II;48.51;135.16
31754;Тивяку;48.6;137.05
31770;Советская Гавань;48.96;140.33
31829;Золотой;47.31;138.98
31873;Дальнереченск;45.86;133.73
31909;Терней;45.03;136.66
31913;Турий Рог;45.21;131.98
31942;Самарка;44.75;134.2
31959;Рудная Пристань;44.36;135.85
31960;Владивосток;43.11;131.89
31981;Анучино;43.96;133.06
31989;Преображение;42.9;133.89
32061;Александровск-Сахалинский;50.9;142.16
32098;Поронайск;49.21;143.1
32150;Южно-Сахалинск;46.91;142.71
32227;Палана;59.08;159.97
32252;Усть-Воямполка;58.5;159.16
32389;Ключи;56.31;160.83
32411;Ича;55.7;155.63
32447;Долиновка;55.11;159.06
32509;Семячик;54.08;159.95
32564;Октябръская;52.66;156.22
32583;Петропавловск-Камчатск. II;52.98;158.65
34009;Курск;51.65;36.18
34123;Воронеж II;51.7;39.21
34152;Балашов;51.55;43.15
34171;Саратов;51.56;46.03
34214;Белгород;50.58;36.58
34363;Камышин;50.07;45.41
34560;Волгоград I;48.68;44.35
34581;Урда;48.75;47.43
34730;Ростов-На-Дону I;47.25;39.81
34866;Яшкуль;46.18;45.35
34880;Астрахань;46.28;48.05
34929;Краснодар;45.03;39.15
34954;Светлоград;45.35;42.85
35121;Оренбург;51.75;55.1
36034;Рубцовск;51.5;81.21
36061;Турочак;52.26;87.16
36096;Кызыл;51.71;94.5
36104;Сарыг-Сеп;51.5;95.56
37006;Новороссийск;44.71;37.84
37054;Минеральные Воды;44.21;43.1
37085;Кочубей;44.4;46.55
37171;Адлер;43.43;39.9
37212;Нальчик;43.5;43.61
37228;Владикавказ;43.05;44.65
37235;Грозный;43.34;45.67
37472;Махачкала;43.01;47.43
29998;Орлик I;52.5;99.81
22114;Мурмаши;68.81;32.8
22204;Ковдор;67.56;30.38
22217;Кандалакша;67.13;32.43
22235;Красноселье;67.35;37.05
22324;Умба;66.68;34.35
22408;Калевала;65.21;31.16
22522;Кемь-Порт;64.98;34.8
22559;Холмогоры;64.21;41.66
22573;Лешуконское;64.9;45.76
22602;Реболы;63.83;30.81
22656;Емецк;63.46;41.75
22671;Карпогоры;63.98;44.45
22695;Кослан;63.45;48.9
22749;Конево;62.13;39.3
22802;Сортовала;61.71;30.71
22831;Пудож;61.8;36.55
22837;Вытегра;61.01;36.45
22854;Няндома;61.66;40.18
22891;Сосново;60.55;30.31
22892;Выборг;60.71;28.8
22913;Лодейное Поле;60.71;33.55
22925;Винницы;60.63;34.78
22939;Белозерск;60.03;37.78
22954;Вожега;60.46;40.2
23358;Новый Уренгой;66.06;76.47
23471;Нижневартовск;60.85;76.61
23503;Ижма;65;53.91
23527;Саранпауль;64.28;60.88
23612;Вуктыл;63.83;57.33
23629;Игрим;63.23;64.55
23631;Березово;63.93;65.05
23635;Юильск;63.66;69.65
23657;Ноябрьск;63.07;75.17
23724;Няксиммволь;62.43;60.86
23734;Октябрьское;62.45;66.05
23748;Когалым;62.23;74.48
23758;Радужный;62.09;77.2
23776;Бахта;62.46;89
23823;Воньеган;61.91;64.91
23847;Сытомино;61.3;71.16
23867;Ларьяк;61.26;80.05
23884;Бор;61.6;90.01
23919;Североуральск;60.16;59.98
23927;Понил;60.2;61.28
23929;Шаим;60.31;64.21
23939;Алтай;60.33;69.96
23946;Угут;60.5;74.01
23953;Ваховск;60.94;78.76
23973;Ворогово;61;89.75
23982;Вельмо;61.01;93.41
23986;Северо-Енисейск;60.38;93.03
23987;Ярцево;60.25;90.23
24790;Сусуман;62.78;148.16
24796;Ягодное;62.51;149.61
24799;Джека Лондона;62.1;149.5
24898;Усть-Омчуг;61.13;149.63
25145;Бараниха;68.53;168.25
25147;Билибино;68;166.5
25151;Чаун;68.88;170.78
25248;Илирней;67.33;168.23
25561;Танюрер;64.86;174.41
25611;Балыгычан;63.91;154.1
25700;Совхоз Эльген;62.8;150.66
25705;Средникан;62.44;152.31
25707;Бохапча;62.1;150.68
25715;Омсукчан;62.51;155.78
25808;Талая;61.13;152.38
25904;Мадаун;60.6;150.69
25907;Палатка;60.1;150.93
25912;Ола;59.56;151.28
25914;Армань;59.66;150.13
25927;Брохово;59.65;154.26
25941;Чемурнаут;60.73;163.01
26059;Кингисепп;59.36;28.6
26080;Кириши;59.45;32.03
26094;Тихвин;59.65;33.5
26167;Николаевское;58.56;29.8
26268;Дно;57.81;29.95
26298;Бологое;57.9;34.05
26389;Осташков;57.13;33.11
26393;Вышний Волочек;57.58;34.56
26498;Ржев;56.26;34.31
26499;Старица;56.5;34.93
26585;Белый;55.85;32.95
26695;Вязьма;55.23;34.31
26795;Спас-Деменск;54.41;34.01
26882;Рославль;53.96;32.84
26894;Жуковка;53.53;33.71
26896;Жиздра;53.75;34.73
26976;Красная Гора;53.01;31.6
26985;Унеча;52.83;32.66
26997;Трубчевск;52.58;33.76
27008;Бабаево;59.4;35.93
27066;Никольск;59.53;45.46
27164;Кологрив;58.83;44.28
27174;Пыщуг;58.88;45.75
27176;Вохма;58.93;46.76
27185;Даровское;58.76;47.98
27208;Максатиха;57.8;35.88
27215;Красный Холм;58.06;37.15
27223;Пошехонье-Володарск;58.48;39.13
27252;Николо-Полома;58.35;43.38
27277;Ветлуга;57.85;45.8
27281;Шабалино;58.3;47.11
27296;Кумены;58.13;49.93
27316;Кашин;57.35;37.58
27329;Ростов;57.2;39.41
27344;Приволжск;57.38;41.26
27346;Кинешма;57.45;42.16
27369;Красные Баки;57.1;45.18
27373;Шахунья;57.66;46.63
27385;Яранск;57.36;47.91
27393;Нолинск;57.55;49.9
27401;Торжок;57.02;35.01
27425;Переславль-Залесский;56.71;38.83
27428;Александров;56.4;38.75
27437;Юрьев-Польский;56.48;39.68
27453;Волжская;56.65;43.28
27463;Воскресенское;56.81;45.43
27491;Новый Торьял;57;48.73
27498;Морки;56.43;49.01
27507;Гагарин;55.51;35.03
27509;Можайск;55.51;36
27515;Немчиновка;55.7;37.37
27526;Петушки;55.93;39.46
27539;Гусь-Хрустальный;55.61;40.65
27543;Вязники;56.2;42.16
27555;Павлово;55.94;43.03
27563;Лысково;56.01;45.02
27577;Сергач;55.53;45.5
27587;Канаш;55.51;47.46
27615;Павловское;55.46;37.31
27636;Тума;55.13;40.55
27643;Выкса;55.31;42.21
27653;Арзамас;55.38;43.71
27665;Лукоянов;55.03;44.5
27683;Большие Кайбицы;55.4;48.18
27693;Лаишево;55.4;49.55
27697;Тетюши;54.95;48.81
27704;Мосальск;54.5;35.01
27707;Сухиничи;54.1;35.35
27745;Сасово;54.35;41.96
27752;Темников;54.63;43.18
27758;Торбеево;54.08;43.25
27817;Мценск;53.28;36.58
27823;Павелец;53.78;39.25
27835;Ряжск;53.8;40.11
27848;Моршанск;53.45;41.8
27901;Карачев;53.13;35
27923;Лев Толстой;53.21;39.46
27928;Елец;52.63;38.51
27935;Мичуринск;52.88;40.48
27957;Кирсанов;52.66;42.71
28007;Нагорское;59.31;50.83
28009;Кирс;59.33;52.23
28013;Коса;59.95;55
28016;Кочево;59.6;54.46
28029;Березники;59.38;56.6
28036;Кытлым;59.75;59.15
28044;Серов;59.6;60.53
28049;Гари;59.43;62.33
28064;Леуши;59.61;65.78
28076;Демьянское;59.6;69.28
28134;Губаха;58.9;57.5
28144;Верхотурье;58.86;60.78
28158;Таборы;58.53;64.5
28165;Куминская;58.76;66.01
28216;Верещагино;58.08;54.68
28233;Кушва;58.31;59.75
28234;Лысьва;58.11;57.78
28240;Нижний Тагил;57.88;60.06
28248;Алапаевск;57.86;61.7
28264;Тавда;58.05;65.35
28302;Уни;57.75;51.5
28309;Селты;57.28;52.23
28318;Воткинск;57.05;54.03
28326;Кунгур;57.41;56.93
28333;Висим;57.66;59.53
28334;Шамары;57.35;58.21
28344;Невьянск;57.5;60.25
28346;Артемовский;57.4;61.85
28351;Ирбит-Фомино;57.61;62.96
28359;Тугулым;57.06;64.66
28383;Тевриз;57.51;72.4
28402;Кильмезь;56.94;51.06
28409;Можга;56.43;52.2
28428;Чернушка;56.5;56.13
28430;Ревда;56.88;59.98
28432;Бисерть;56.88;59.06
28434;Красноуфимск;56.61;57.75
28438;Михайловск;56.43;59.08
28444;Кольцово;56.73;60.83
28445;Верхнее Дуброво;56.73;61.06
28448;Сысерть;56.5;60.81
28449;Каменск-Уральский;56.43;61.86
28451;Камышлов;56.85;62.71
28456;Шатрово;56.53;64.68
28457;Далматово;56.26;62.93
28465;Ялуторовск;56.68;66.35
28478;Голышманово;56.41;68.41
28481;Викулово;56.81;70.61
28491;Большие Уки;56.93;72.66
28502;Вятские Поляны;56.23;51.03
28533;Нязепетровск;56.04;59.58
28537;Дуван;55.7;57.9
28541;Верхний Уфалей;56.08;60.3
28548;Аргаяш;55.55;60.9
28549;Бродокалмак;55.58;62.06
28552;Шадринск;56.06;63.65
28561;Памятная;56.01;65.69
28573;Ишим;56.1;69.43
28586;Тюкалинск;55.86;72.2
28587;Сладково;55.53;70.33
28588;Называевск;55.56;71.37
28593;Большеречье;56.1;74.63
28598;Саргатское;55.6;73.48
28611;Муслюмово;55.31;53.2
28615;Бакали;55.18;53.8
28630;Златоуст;55.16;59.66
28639;Катав-Ивановск;54.46;58.13
28647;Миасс;55;60.1
28655;Шумиха;55.23;63.31
28659;Куртамыш;54.91;64.43
28662;Лебяжье;55.28;66.5
28666;Макушино;55.25;67.3
28668;Половинное;54.76;66
28674;Петухово;55.06;67.88
28688;Исилькуль;54.9;71.25
28696;Калачинск;55.03;74.58
28704;Чулпаново;54.5;50.41
28711;Бугульма;54.58;52.8
28745;Южноуральск;54.43;61.33
28752;Целинное;54.5;63.66
28756;Звериноголовское;54.46;64.86
28786;Полтавка;54.36;71.75
28791;Щербакуль;54.61;72.58
28797;Одесская;54.2;72.96
28798;Павлоградка;54.2;73.56
28799;Черлак;54.16;74.8
28825;Стерлитамак;53.61;55.98
28895;Русская Поляна;53.78;74.05
28909;Бузулук;52.75;52.28
28925;Мелеуз;52.95;55.96
28939;Кизильское;52.71;58.88
28941;Карталы;53.05;60.66
29016;Прохоркино;59.51;79.46
29023;Напас;59.93;81.98
29037;Березовка;59.33;82.61
29059;Александровский Шлюз;59.41;89.3
29068;Назимово;59.5;91.01
29111;Средний Васюган;59.21;78.23
29122;Каргасок;59.05;80.95
29128;Парабель;58.7;81.5
29149;Степановка;58.68;86.81
29203;Новый Васюган;58.55;76.46
29209;Майск;57.78;77.28
29224;Старица;58.16;80.6
29237;Подгорное;57.8;82.66
29247;Батурино;57.78;85.15
29274;Стрелка;58.08;93
29276;Мотыгино;58.18;94.69
29282;Богучаны;58.41;97.4
29328;Бакчар;57.08;81.91
29332;Молчаново;57.58;83.78
29348;Первомайское;57.06;86.21
29355;Тегульдет;57.28;88.13
29363;Пировское;57.63;92.26
29367;Новобирилюссы;57.04;90.31
29374;Казачинское;57.75;93.18
29379;Тасеево;57.2;94.86
29393;Червянка;57.64;99.53
29405;Кыштовка;56.56;76.63
29418;Северное;56.35;78.35
29456;Тюхтет;56.53;89.31
29464;Большой Улуй;56.65;90.55
29467;Ачинск;56.28;90.51
29471;Большая Мурта;56.9;93.13
29477;Сухобузимское;56.5;93.28
29481;Дзержинское;56.85;95.21
29485;Абан;56.7;96.03
29500;Усть-Тарка;55.56;75.69
29508;Венгерово;55.66;76.75
29524;Крещенка;55.85;80.03
29532;Кожевниково;56.25;84
29539;Болотное;55.66;84.4
29540;Яя;56.2;86.46
29541;Тайга;56.06;85.61
29548;Барзас;55.73;86.3
29551;Мариинск;56.21;87.75
29563;Кача;56.11;92.2
29566;Шумиха;55.95;92.3
29576;Уяр;55.8;94.33
29578;Шалинское;55.71;93.75
29587;Ирбейское;55.63;95.46
29590;Новочунка;56.13;99.31
29594;Тайшет;55.95;98
29602;Чаны;55.28;76.76
29613;Убинское;55.3;79.61
29624;Каргат;55.23;80.31
29625;Чулым;55.1;80.96
29626;Коченево;55.03;82.18
29630;Толмачево;55;82.66
29631;Колывань;55.3;82.75
29632;Мошково;55.3;83.6
29635;Обская Гмо;54.8;82.95
29636;Тогучин;55.23;84.4
29638;Огурцово;54.9;82.95
29642;Кемерово I;55.38;86.06
29649;Крапивино;55;86.8
29654;Центр.Рудник;55.21;87.65
29662;Балахта;55.38;91.6
29664;Светлолобово;55.1;90.83
29676;Агинское;55.25;94.88
29702;Чистоозерное;54.7;76.56
29708;Баган;54.1;77.66
29712;Здвинск;54.7;78.66
29716;Довольное;54.48;79.66
29722;Ужаниха;54.66;81.06
29724;Кочки;54.3;80.5
29726;Ордынское;54.36;81.95
29730;Искитим;54.65;83.31
29735;Посевная;54.3;83.38
29736;Маслянино;54.33;84.21
29741;Красное;54.6;85.38
29745;Белово;54.3;85.93
29749;Киселевск;54.03;86.65
29756;Шира;54.5;89.93
29759;Коммунар;54.33;89.28
29766;Идринское;54.36;92.13
29772;Артемовск;54.51;93.38
29789;Верхняя Гутара;54.21;96.96
29813;Красноозерск;53.96;79.23
29814;Карасук;53.7;78.06
29823;Сузун;53.76;82.31
29849;Кузедеево;53.33;87.16
29854;Междуреченск;53.63;88.15
29858;Неожиданный;53.28;89.06
29869;Ермаковское;53.3;92.41
29870;Курагино;53.89;92.68
29874;Каратузское;53.6;92.85
29876;Казыр;53.68;94.16
29894;Алыгджер;53.63;98.21
29946;Кондома;52.83;87.26
29955;Усть-Кабырза;52.83;88.43
29956;Таштып;52.8;89.91
29961;Аскиз;53.13;90.48
29962;Бея;53.05;90.91
29963;Черемушки;53.05;91.46
30014;Чемдальск;59.63;103.31
30157;Мама;58.31;112.86
30230;Киренск;57.76;108.11
30317;Заярск;56.2;102.85
30323;Усть-Кут;56.8;105.8
30337;Казачинское;56.28;107.56
30356;Таксимо;56.38;114.83
30374;Большая Лепринда;56.65;117.62
30379;Катугино;56.05;119.13
30433;Нижнеангарск;55.78;109.55
30461;Тилишма;55.85;115.47
30469;Калакан;55.11;116.75
30471;Средний Калар;55.86;117.37
30484;Средняя Олекма;55.41;120.55
30497;Лопча;55.76;122.66
30499;Тында;55.18;124.66
30504;Тулун;54.6;100.63
30514;Усть-Уда;54.41;103.25
30526;Тырка;54.48;107.06
30537;Солнечная;54.03;108.26
30547;Курумкан;54.27;110.27
30549;Карафтит;54.2;111.95
30554;Багдарин;54.46;113.58
30565;Усть-Каренга;54.43;116.53
30567;Хулугли;54.03;115.01
30576;Тупик;54.43;119.9
30606;Залари;53.55;102.5
30612;Балаганск;53.71;103.33
30617;Черемхово;53.2;103.01
30618;Бохан;53.13;103.76
30622;Качуг;53.96;105.86
30627;Баяндай;53.1;105.53
30635;Усть-Баргузин;53.43;108.98
30636;Баргузин;53.61;109.62
30649;Усть-Заза;53.21;111.68
30651;Усть-Антосе;53.98;113.2
30655;Юмурчен;53.62;114.05
30667;Кыкер;53.17;115.82
30673;Могоча;53.73;119.78
30675;Ксеньевская;53.55;118.71
30682;Амазар;53.86;120.86
30683;Ерофей Павлович;53.96;121.93
30688;Покровка;53.34;121.55
30692;Сковородино;54;123.96
30695;Джалинда;53.46;123.9
30703;Инга;52.96;101.98
30713;Усть-Ордынский;52.81;104.76
30727;Большое Голоустное;52.03;105.41
30729;Кабанск;52.04;106.65
30731;Горячинск;52.98;108.28
30739;Хоринск;52.16;109.76
30741;Замакта;52.76;109.96
30745;Сосново-Озерское;52.53;111.55
30751;Телемба;52.73;113.28
30757;Беклемишево;52.13;112.67
30764;Усугли;52.65;115.16
30768;Нерчинск;52;116.52
30772;Усть-Карск;52.7;118.8
30777;Сретенск;52.26;117.7
30812;Култук;51.71;103.69
30829;Новоселенгинск;51.1;106.65
30837;Мухоршибирь;51.03;107.82
30838;Петровский Завод;51.31;108.86
30843;Могзон;51.72;112
30844;Хилок;51.35;110.5
30846;Улеты;51.35;112.46
30853;Карымская;51.63;114.31
30858;Дарасун;51.2;113.72
30866;Балей;51.55;116.7
30874;Шелопугино;51.65;117.56
30875;Ямкун;51.53;118.33
30879;Нерчинский Завод;51.31;119.61
30911;Санага;50.71;102.78
30915;Цакир;50.43;103.6
30924;Петропавловка;50.62;105.32
30925;Кяхта;50.36;106.45
30934;Бичура;50.59;107.58
30935;Красный Чикой;50.36;108.75
30938;Менза;49.43;108.85
30944;Черемхово;50.58;110.15
30948;Букукун;49.45;111.13
30949;Кыра;49.56;111.96
30954;Мангут;49.7;112.67
30957;Акша;50.26;113.26
30961;Оловянная;50.95;115.58
30964;Нижний Цасучей;50.52;115.13
30968;Забайкальск;49.63;117.33
30971;Александровский З-Д;50.91;117.93
30972;Доно;50.88;118.58
31067;Курун-Урях;58.66;137.1
31087;Улья;58.85;141.86
31092;Талон;59.76;148.63
31152;Нелькан;57.65;136.14
31158;Батомга;56.6;136.3
31174;О.Большой Шантар;54.83;137.53
31253;Бомнак;54.71;128.93
31263;Локшак;54.73;130.45
31285;Удское;54.5;134.41
31286;Чумикан;54.71;135.3
31295;Магдагачи;53.46;125.81
31318;Нора;53.06;130.01
31325;Шевли;53.48;131.78
31329;Экимчан;53.06;132.93
31362;Литке;53.95;140.31
31366;Байдуков;53.3;141.64
31369;Николаевск-На-Амуре;53.15;140.7
31388;Норск;52.35;129.91
31397;Бысса;52.36;131.3
31416;Им.Полины Осипенко;52.41;136.5
31418;Веселая Горка;52.28;135.8
31439;Богородское;52.38;140.46
31442;Шимановск;51.98;127.65
31443;Мазаново;51.63;128.81
31445;Свободный;51.44;128.11
31459;Верхняя Томь;51.35;130.38
31474;Усть-Умальта;51.63;133.31
31478;Софийский Прийск;52.26;133.98
31484;Хуларин;51.41;135.08
31504;Циммермановка;51.35;139.1
31511;Сергеевка;50.78;127.3
31513;Белогорск;50.91;128.46
31527;Завитая;50.11;129.46
31534;Сектагли;50.43;131.01
31548;Верховье Урми;50.05;133.58
31561;Комсомольск-На-Амуре;50.6;137.13
31562;Нижне-Тамбовское;50.93;138.18
31566;Сегжема;50.34;138.4
31594;Архара;49.41;130.08
31624;Урми;49.4;133.23
31632;Кур;49.93;134.63
31655;Троицкое;49.45;136.56
31677;Солекуль;49.28;138
31679;Мопау;49.16;138.88
31683;Тумнин;49.65;140.08
31702;Облучье;49;131.08
31707;Екатерино-Никольское;47.73;130.96
31710;Ленинское;47.95;132.61
31725;Смидович;48.61;133.83
31766;Иоли;48.63;138.98
31786;Вяземская;47.55;134.81
31788;Лермонтовка;47.15;134.33
31790;Георгиевка;47.94;135.23
31792;Бичевая;47.76;135.63
31801;Гвасюги;47.66;136.18
31815;Сукпай;47.68;137.48
31825;Агзу;47.6;138.4
31832;Бикин;46.8;134.26
31845;Красный Яр;46.53;135.31
31848;Глубинное;46.06;135.38
31851;Родниковая;46.68;136.21
31856;Охотничий;46.51;136.98
31866;Сосуново;46.53;138.33
31875;Лесозаводск;45.46;133.38
31878;Кировский;45.1;133.5
31884;Малиново;45.41;134.27
31895;Мельничное;45.45;135.5
31906;Малая Кема;45.4;137.16
31915;Пограничный;44.4;131.38
31917;Полтавка;44.03;131.31
31924;Хороль;44.43;132.06
31935;Яковлевка;44.41;133.48
31938;Арсеньев;44.33;133.33
31939;Чугуевка;44.15;133.86
31943;Рощино;44.9;134.88
31946;Кавалерово;44.25;135.05
31961;Тимирязевский;43.86;131.96
31970;Находка;42.8;132.89
31971;Барабаш;43.18;131.5
31974;Артем;43.36;132.16
31986;Лазо;43.4;133.88
31987;Партизанск;43.15;133.01
31994;Березняки;43.58;134.16
31995;Ольга;43.75;135.3
31996;Маргаритово;43.43;134.77
32010;Оха;53.61;142.95
32013;Ныврово;54.33;142.63
32027;Погиби;52.21;141.63
32036;Вал;52.33;143.08
32053;Ноглики;51.91;143.13
32059;Комрво;51.11;143.56
32069;Пильво;50.05;142.16
32076;Пограничное;50.4;143.76
32088;Углегорск;49.08;142.06
32099;Мыс Терпения;48.65;144.73
32121;Ильинский;47.98;142.2
32128;Холмск;47.05;142.05
32145;Невельск;46.66;141.86
32156;Новиково;46.4;143.39
32158;Корсаков;46.65;142.76
32174;Курильск;45.25;147.88
32186;Уруп;46.2;150.5
32213;Мыс Лопатка;50.86;156.68
32246;Оссора;59.3;163.16
32293;Тигиль;57.75;158.66
32333;Мыс Озерной;57.65;163.23
32363;Эссо;55.91;158.76
32379;Козыревск;56.05;159.86
32408;Усть-Камчатск;56.21;162.46
32409;Мыс Африка;56.18;163.3
32496;Мильково;54.7;158.63
32497;Пущино;54.18;158.01
32519;Кроноки;54.61;161.2
32539;Начики;53.11;157.73
32547;Сосновка;53.08;158.3
32562;Большерецк;52.93;156.58
32586;Петропавлов Маяк;52.88;158.71
32594;Озерная;51.48;156.48
32596;Водопадная;51.81;158.1
32618;Никольское;55.2;165.98
34001;Дмитровск-Орловский;52.5;35.15
34013;Ливны;52.43;37.6
34026;Конь-Колодезь;52.15;39.15
34036;Совхоз Им.Ленина;52.2;40.86
34047;Жердевка;51.83;41.48
34049;Обловка;51.96;42.26
34063;Петровск;52.28;45.4
34083;Хвалынск;52.5;48.08
34086;Балаково;52.05;47.83
34101;Льгов;51.63;35.28
34109;Обоянь;51.21;36.28
34116;Старый Оскол;51.3;37.88
34146;Борисоглебск;51.36;42.08
34164;Калининск;51.5;44.5
34231;Лиски;51;39.5
34237;Павловск;50.45;40.09
34238;Анна;51.48;40.41
34247;Калач;50.41;41.05
34321;Валуйки;50.21;38.09
34336;Богучар;49.92;40.56
35001;Большая Глушица;52.38;50.46
35026;Зилаир;52.21;57.4
35041;Бреды;52.43;60.35
36021;Ключи;52.25;79.13
36022;Волчиха;52.01;80.36
36028;Угловское;51.4;80.19
36032;Поспелиха;52;81.5
36036;Краснощеково;51.65;82.73
36038;Змеиногорск;51.15;82.2
36045;Солонешное;51.66;84.31
36047;Чарышское;51.4;83.58
36052;Горно-Алтайск;51.96;86
36055;Кызыл-Озек;51.9;86
36057;Шебалино;51.25;85.66
36058;Чемал;51.43;86
36064;Яйлю;51.76;87.6
36068;Беля;51.42;87.8
36073;Кантегир;52.28;90.78
36074;Большой Он;52.06;89.75
36083;Усть-Уса;52.11;92.28
36087;Чадан;51.36;91.44
36090;Хову-Аксы;51.11;93.83
36091;Нижне-Усинское;52.26;93.01
36099;Сосновка;51.15;94.51
36103;Тоора-Хем;52.46;96.1
36213;Усть-Кан;50.93;84.76
36229;Усть-Кокса;50.28;85.61
36231;Онгудай;50.76;86.13
36237;Катанда;50.16;86.16
36259;Кош-Агач;50.01;88.68
36278;Мугур-Аксы;50.36;90.43
36307;Эрзин;50.26;95.11
22318;Лоухи;66.06;33
22456;Кепино;65.23;41.53
22876;Красноборск;61.57;45.95
22951;Коноша;60.98;40.27
23327;Инта;66.03;60.12
23410;Усинск;66.03;57.37
23453;Уренгой;65.95;78.4
23827;Бурмантово;61.17;60.28
23829;Атымья;61.03;62.22
23862;Корлики;61.32;82.24
23905;Усть-Черная;60.47;52.63
23912;Ныроб;60.44;56.43
23913;Вая;60.6;58.38
23925;Шанталь;60.15;62.8
23947;Салым;60.07;71.48
24261;Батагай-Алыта;67.8;130.38
24263;Батагай;67.65;134.68
24266;Верхоянск;67.55;133.38
24322;Полярный;66.73;112.43
24338;Эйк;66.03;117.4
24371;Усть-Чаркы;66.8;136.68
24449;Бестяхская З/Ф;65.3;124.11
24525;Хабардино;64.6;112.51
24538;Чумпурук;64.23;116.91
24557;Сого-Хая;64.28;126.45
24585;Нера;64.55;143.11
24643;Хатырык-Хомо;63.95;124.83
24644;Верхневилюйск;63.45;120.31
24656;Батамай;63.51;129.43
24691;Делянкир;63.83;145.6
24713;Наканно;62.88;108.43
24725;Туой-Хая;62.53;111.23
24726;Мирный;62.53;113.86
24737;Крестях;62.26;116.15
24739;Чаингда;62.28;119.85
24753;Намцы;62.73;129.66
24758;Бердигестях;62.26;127.06
24763;Крест-Хальджай;62.81;134.43
24768;Чурапча;62.03;132.6
24771;Теплый Ключ;62.76;136.56
24826;Дорожный;61.45;114.11
24843;Тонгулах;61.91;124.55
24856;Покровская;61.48;129.15
24878;Аллах-Юнь;61.1;138.03
24918;Преображенка;60.05;108.08
24928;Комака;60.26;111.73
24933;Килеер;60.95;119.3
24934;Нюя;60.53;116.23
24951;Исить;60.81;125.31
24962;Амга;60.9;131.98
24967;Тегюлтя;60.46;130
25206;Среднеколымск;67.44;153.71
25335;Баимка;66.53;164.28
25400;Зырянка;65.73;150.9
25448;Чуванское;65.18;167.97
25456;Снежное;65.45;172.97
25469;Канчалан;65.18;176.77
25568;Яранги;64.05;176.15
26064;Ломоносов;59.92;29.78
26078;Любань;59.34;31.22
26092;Шугозеро;59.95;34.2
26184;Малая Вишера;58.83;32.22
26378;Холм;57.15;31.18
26381;Демянск;57.65;32.47
26459;Идрица;56.31;28.89
27106;Устюжна;58.85;36.43
27108;Охоны;58.56;35.63
27247;Кострома;57.77;41.03
27259;Макарьев;57.89;43.76
27441;Шуя;56.84;41.4
27549;Муром;55.59;42.02
27675;Порецкое;55.18;46.33
27685;Батырево;55.67;47.6
27717;Суворов;54.08;36.22
27776;Сурское;54.47;46.7
27803;Белев;53.79;36.11
27815;Чернь;53.44;36.89
27891;Сенгилей;53.97;48.8
27955;Белинский;52.97;43.4
28041;Краснотурьинск;59.77;60.22
28066;Кондинское;59.39;67.23
28135;Качканар;58.41;59.32
28143;Сосьва;59.17;61.92
28155;Новоселово;59;63.8
28172;Уват;59.1;68.55
28222;Добрянка;58.45;56.45
28315;Игра;57.55;53.1
28345;Липовское;57.45;61.17
28353;Туринская Слобода;57.62;64.38
28366;Ярково;57.25;67.05
28441;Исток;56.77;60.88
28442;Уктус;56.7;60.78
28443;Богданович;56.82;60.1
28455;Бутка;56.72;63.77
28498;Колосовка;56.45;73.65
28637;Кропачево;55;57.97
28645;Челябинск-Город;55.15;61.3
28709;Клявлино;54.27;52.03
28741;Мирный;54.54;60.29
28747;Петропавловский;54.02;60.12
28754;Октябрьское;54.25;62.42
28805;Кинель-Черкассы;53.47;51.58
28833;Верхнеуральск;53.88;59.2
28839;Магнитогорск II;53.38;58.77
28847;Варна;53.38;60.95
29230;Колпашево I;58.32;82.93
29401;Седельниково;56.95;75.3
29439;Томск II;56.38;85.22
29498;Шиткино;56.34;98.37
29534;Пихтовка;55.97;82.69
29614;Квашнино;55.03;77.88
29637;Учебная;54.97;82.95
29645;Кемерово II;55.25;86.22
29701;Любимовка;54.67;75.1
29723;О. Дальний;54.47;82.27
29830;Барнаул;53.37;83.52
29855;Лужба;53.63;88.92
29864;Уйбат;53.72;90.36
29892;Хадама;53.95;98.81
29954;Таштагол;52.75;87.9
30037;Непа;59.25;108.23
30069;Перевоз;59;116.92
30074;Мача;59.93;117.6
30089;Джикимда;59.01;121.83
30127;Токма;58.23;105.73
30198;Суон-Тит;58.06;123.71
30218;Новая Игирма;57.12;103.95
30229;Верхне-Марково;57.33;107.06
30316;Железногорск;56.45;104.12
30348;Уоян;56.13;111.62
30393;Чульман;56.83;124.86
30437;Карам;55.15;107.62
30456;Ую;55.58;114.5
30493;Нагорная;55.96;124.88
30505;Куйтун;54.35;101.53
30507;Икей;54.18;100.08
30552;Моклакан;54.77;118.88
30555;Троицкий Прийск;54.61;113.12
30585;Гуля;54.67;121
30597;Уруша;54.02;122.89
30669;Зилово;53.07;117.48
30676;Часовая;53.42;119.97
30679;Горбица;53.09;119.22
30714;Дабады;52.1;102.7
30721;Еланцы;52.8;106.45
30733;Нестерово;52.38;107.87
30738;Новая Курба;52.05;108.52
30755;Бургень;52.43;113.77
30765;Зюльзя;52.54;116.19
30766;Чернышевск;52.52;117
30778;Батакан;52.06;118.83
30781;Урюпино;52.75;120.03
30814;Исток Ангары;51.87;104.82
30916;Торей;50.53;104.83
30941;Черемховский Перевал;50.73;110.27
30952;Дульдурга;50.68;113.58
31005;Томмот;58.96;126.26
31011;Буяга;59.66;127.05
31016;Угино;58.63;128.5
31026;Учур;58.73;130.61
31041;Усть-Миль;59.63;133.03
31102;Канку;57.65;125.96
31257;Береговой;54.38;127.4
31299;Тыгда;53.06;126.21
31311;Огорон;53.97;129.07
31373;Октябрьский Прийск;53;128.64
31392;Стойба;52.79;131.72
31394;Селемджинское;52.58;131.13
31423;Удинское;52.55;138.51
31469;Чегдомын;51.1;132.57
31502;Мариинск;51.44;140.11
31538;Сутур;50.04;132.08
31541;Солони;50.83;133.17
31550;Солнечный;50.7;136.7
31583;Малиновка;49.77;129.91
31647;Литовко;49.14;135.11
31733;Елабуга;48.49;135.53
31791;Хор;47.87;134.95
31902;Молодежное;45.95;136.48
31903;Белкин;45.82;137.68
31923;Новосельское;44.75;132.72
31958;Богополь;44.25;135.44
32014;Москальво;53.57;142.5
32017;Одопту;53.4;143.2
32054;Ныш;51.53;142.75
32071;Тымовское;50.44;142.43
32077;Онор;50.14;142.35
32092;Первомайское;49.97;143.27
32116;Макаров;48.37;142.47
32133;Долинск;47.2;142.48
32136;Стародубское;47.42;142.82
32138;Новоалександровск;47.05;142.73
32143;Огоньки;46.78;142.4
32149;Мыс Крильон;45.54;142.05
32477;Соболево;54.18;155.56
32540;Петропавловск-Камчатск. I;53.08;158.58
32548;Елизово;53.18;158.45
32559;Мыс Шипунский;53.1;160.08
33042;Злынка;52.47;31.66
34002;Железногорск;52.35;35.37
36033;Шипуново;52.17;82.28
36037;Горняк;50.97;81.42
36041;Усть-Чарышская Пр.;52.4;83.68
36044;Усть-Калманка;52.12;83.38
36078;Тэли;51.02;90.2
36089;Шагонар;51.42;92.73
36092;Туран;52.08;93.55
36249;Актру;50.08;87.82
36325;Кунгур-Тук;50.59;97.51
20026;О.Виктория;80.15;36.75
20034;Хагурское;80.8;47.63
20046;Гмо Им. Кренкеля;80.61;58.05
20049;О. Рудольфа;81.8;57.97
20066;О. Ушакова;80.82;79.25
20069;О. Визе;79.5;76.98
20087;Остров Голомянный;79.55;90.61
20097;Мыс Песчаный;79.43;103.65
20107;Баренцбург;78.07;14.25
20186;О.Краснофлотский;78.6;98.7
20199;О. Малый Таймыр;78.08;106.7
20274;О. Уединения;77.5;82.2
20277;О. Исаченко;77.15;89.2
20289;О. Русский;77.16;96.43
20291;Бухта Солнечная;78.2;103.27
20292;Гмо Им.Е.К. Федорова;77.71;104.3
20294;О-Ва Гейберга;77.6;101.52
20353;Мыс Желания;76.95;68.55
20357;Русская Гавань;76.18;62.58
20388;О. Правды;76.27;94.77
20471;О-Ва Известий;75.91;82.95
20476;Мыс Стерлегова;75.41;88.9
20665;О. Вилькицкого;73.51;75.76
20744;Малые Кармакулы;72.38;52.73
20766;Мыс Лескина;72.32;79.57
20856;Моржовая;71.41;67.58
20862;Им.Шестидесятилетия Влксм;71.96;74.32
20943;Мыс Меньшикова;70.69;57.61
20946;Им.Е.К.Федорова;70.44;59.08
20964;Тадебяяха;70.37;74.13
20967;Сеяха;70.15;72.56
20978;Караул;70.08;83.17
20982;Волочанка;70.94;94.5
21301;Андрея;76.75;104.43
21358;О. Жохова;76.15;152.83
21405;Бухта М.Прончищевой;75.53;113.43
21432;Остров Котельный;76;137.89
21535;Пролив Санникова;74.66;138.91
21537;О. Столбовой. Нав.;74.17;135.45
21541;Земля Бунге;74.9;142.1
21608;Анабар;73.21;113.5
21611;Мыс Терпяя-Тумса;73.54;118.72
21613;О-Ва Дунай;73.93;124.5
21627;Загиллах-Ари;73.15;128.85
21636;Мыс Кигилях;73.35;139.88
21647;Мыс Шалаурова;73.18;143.23
21701;Юрюнг-Хая;72.82;113.57
21711;Усть-Оленек;73;119.87
21712;Олимпийская;72.96;121.71
21721;Столб;72.4;126.35
21728;Остров Малышева;72.04;128.64
21733;Мыс Святой Нос;72.82;140.72
21813;Тюмети;71.91;123.45
21820;Тит-Ари;71.97;127.06
21821;Мыс Быков;72;129.1
21825;Остров Муостах;71.54;130.01
21826;Мыс Буор-Хая. Нав.;71.95;132.77
21834;Юздей.Навигационная;71.51;136.61
21849;Индигирская;71.26;150.28
21853;Остров Немкова;71.44;150.71
21908;Джалинда;70.13;113.96
21921;Кюсюр;70.68;127.4
21923;Найба;70.84;130.75
21931;Юбилейная;70.77;136.22
21934;Кулар;70.63;134.32
21937;Куйга;70.03;135.66
21965;О. Четырехстолбовой;70.63;162.48
21978;Валькаркай;70.08;170.91
21982;Остров Врангеля;70.96;-178.54
22003;Вайда Губа;69.93;31.98
22004;Никель;69.41;30.18
22009;Перевал;69.2;31.4
22012;Цып-Нав0Лок;69.73;33.09
22014;Мыс Пикшуев;69.55;32.43
22018;Ура-Губа;69.28;32.8
22019;Полярное;69.19;33.48
22028;Териберка;69.19;35.09
22100;Верховье Р.Лотты;68.53;28.91
22101;Янискоски;68.96;28.78
22105;Ниванкюль;68.35;30.73
22106;Падун;68.6;31.8
22112;Кола;68.88;33.02
22119;Пулозеро;68.34;33.29
22123;Туманная;68.91;35.66
22127;Ловозеро;68.08;34.8
22133;О. Харлов;68.81;37.31
22140;Святой Нос;68.13;39.76
22144;Губа Дроздовка;68.33;38.41
22145;Мыс Черный;68.36;38.64
22165;Канин Нос;68.65;43.3
22193;Бугрино;68.8;49.33
22205;Ена;67.6;31.17
22212;Мончегорск;67.96;32.88
22213;Апатиты;67.68;33.25
22214;Зашеек;67.4;32.55
22216;Кировск;67.58;33.58
22219;Центральный Рудник;67.5;33.8
22232;Колм'явр;67.98;36.93
22249;Каневка;67.13;39.66
22259;Терско-Орловский;67.2;41.3
22269;Мыс Конушин;67.15;43.9
22271;Шойна;67.88;44.13
22282;Мыс Микулкин;67.8;46.66
22292;Индига;67.69;48.76
22301;Алакуртти;66.95;30.37
22302;Зареченск;66.68;31.43
22305;Зашеек;66.25;31.12
22312;Ковда;66.7;32.88
22334;Кашкаранцы;66.33;36.01
22339;Чаваньга;66.1;37.75
22355;Сосновец;66.29;40.41
22361;Моржовец;66.71;42.48
22365;Абрамовский Маяк;66.41;43.25
22375;Несь;66.6;44.68
22403;Кестеньга;65.88;31.83
22413;Энгозеро;65.78;33.93
22429;Соловки;65.01;35.42
22438;Жижгин;65.2;36.81
22446;Зимнегорский Маяк;65.28;39.44
22452;Инцы;65.97;40.72
22481;Мосеево;65.76;46.18
22499;Борковская;65.23;49.58
22511;Юшкозеро;64.75;32.11
22518;Ругозеро;64.08;32.77
22525;Разнаволок;64.56;34.91
22526;Жужмуй;64.68;35.55
22529;Колежма;64.23;35.88
22541;Унский Маяк;64.5;38.24
22546;Северодвинск;64.58;39.78
22551;Мудьюг;64.85;40.28
22555;Васьково;64.42;40.42
22619;Паданы;63.26;33.41
22638;Калгачиха;63.33;36.7
22648;Турчасово;63.11;39.28
22657;Емца;63.06;40.34
22686;Вендинга;63.45;47.91
22707;Вяртсиля;62.18;30.68
22710;Поросозеро;62.72;32.7
22717;Суоярви;62.1;32.38
22721;Медвежьегорск;62.9;34.4
22723;Данилово;62.97;35.7
22725;Бор-Пуданцев;62.58;35.08
22727;Кондопога;62.16;34.3
22738;Куганаволок;62.23;36.96
22781;Окуловская;62.97;46.58
22805;О. Валаам;61.36;30.88
22806;Лесогорский;61.03;28.93
22816;Пряжа;61.68;33.61
22823;Маячный;61.81;35.25
22824;Ладва;61.34;34.67
22829;Вознесенье;61.01;35.48
22833;Колодозеро;61.77;37.75
22835;Павликовская;61.28;36.35
22869;Шангалы;61.13;43.35
22888;Курцево;61.15;46.55
22889;Вилегодское;61.07;47.58
22896;Рощино;60.25;29.62
22897;Озерки;60.21;29
22899;Лисий Нос;60.02;29.98
22907;О. Гогланд;60.08;26.98
22912;Олонец;60.98;32.95
22915;Свирица;60.28;32.54
22917;Новая Ладога;60.11;32.31
22944;Чарозеро;60.46;38.61
22966;Тарногский Городок;60.5;43.6
22983;Лальск;60.68;47.6
22988;Подосиновец;60.27;47.07
23020;Югорский Шар;69.82;60.75
23024;Мыс Белый Нос;69.6;60.21
23029;Усть-Кара;69.25;64.96
23058;Антипаюта;69.08;76.85
23066;Тухарт;69.57;84.32
23078;Норильск;69.33;88.3
23104;Сенгейский Шар;68.35;50.78
23105;Тобседа;68.54;52.25
23109;Мыс Болванский;68.3;54.5
23114;Мыс Константиновский;68.55;55.5
23176;Исток;68.42;89.25
23179;Снежногорск;68.06;87.46
23207;Коткино;67.01;51.2
23214;Шапкино;67.6;55.15
23215;Хорей-Вер;67.41;58.06
23219;Хоседа-Хард;67.08;59.38
23220;Елецкая;67.05;64.07
23274;Игарка;67.46;86.56
23275;Горбиачин;67.48;87.83
23305;Окунев Нос;66.25;52.58
23311;Мишвань;66.57;55.44
23316;Адзьва-Вом;63.6;59.28
23332;Полярный Урал;67.02;65.08
23324;Петрунь;66.43;60.76
23331;Ра-Из;66.94;65.46
23339;Полуй;66.03;68.68
23341;Яр-Сале;66.84;70.84
23363;Советская Речка;66.81;83.8
23375;Курейка;66.46;87.21
23376;Светлогорск;66.92;88.35
23411;Мутный Материк;65.94;55.16
23412;Усть-Уса;65.96;56.91
23416;Кожим Рудник;65.43;59.35
23423;Хальмер-Ю;67.93;64.77
23426;Мужи;65.38;64.71
23431;Питляр;65.85;65.98
23443;Пангоды;65.8;74.5
23463;Янов Стан;65.98;84.26
23465;Красноселькупск;65.69;82.45
23484;Большой Порог;65.63;90.05
23509;Кедва-Вом;64.21;53.56
23514;Ираель;64.51;55.39
23516;Неройка;64.57;59.67
23519;Верхний Шугор;64.05;59.43
23541;Лонг-Юган;64.77;70.95
23589;Тутончаны;64.19;93.78
23608;Месью;63.17;52.6
23656;Халесовая;63.23;78.19
23678;Верхнеимбатск;63.15;87.95
23699;Кербо;62.71;101.11
23704;Емва;62.6;50.78
23707;Усть-Вымь;62.23;50.42
23708;Лунь;62.23;52.48
23709;Помоздино;62.18;54.2
23737;Сосновый;62.02;66.41
23741;Нижнесортымск;62.45;74.4
23774;Келлог;62.48;86.28
23789;Полигус;62;94.64
23807;Пустошь;61.11;50.28
23812;Якша;61.83;56.86
23813;Усть-Унья;61.79;57.91
23815;Тулпан;61.21;57.29
23841;Горково;61.69;70.66
23843;Ермаково;61.79;74.04
23848;Нефтеюганск;61.03;72.61
23891;Байкит;61.66;96.36
23917;Красновишерск;60.42;57.11
23923;Супра;60.87;64.88
23928;Урай;60.15;64.82
23952;Стрежевое;60.73;77.62
24051;Сиктях;69.91;125
24065;Намы;69.53;132.2
24071;Джангкий;69.76;135.2
24076;Депутатский;69.33;139.66
24095;Воронцово;69.57;147.53
24136;Сухана;68.8;117.96
24194;Белая Гора;68.53;146.17
24197;Дружина;68.2;145.35
24219;Ярольин;67.13;108.53
24231;Маак;67.7;116.38
24257;Собопол;67.11;126.2
24361;Екючю;66.77;131.6
24396;Арылах;66.35;150.5
24421;Айхал;66.55;111.75
24477;Иэма;65.3;135.66
24588;Юрты;64.05;141.88
24606;Кислокан;63.58;103.97
24642;Кызыл-Сыр;63.9;122.88
24661;Сеген-Кюель;64;130.3
24678;Западная;63.13;138.28
24679;Восточная;63.21;139.6
24684;Агаякан;63.33;141.73
24698;Аркагала;63.15;146.92
24718;Хамакар;62.17;108.22
24761;Борогонцы;62.68;131.16
24766;Ытык-Кель;62.36;133.55
24798;Оротук;62.12;148.48
24802;Стрелка Чуня;61.75;102.8
24807;Муторай;61.33;100.47
24858;Синское;61.07;126.51
24946;Саныяхтат;60.81;125.31
24955;Тумул-Лена;60.37;127.5
24975;Ыныкчан;60.36;137.5
24988;Арка;60.08;142.33
25034;Бухта Амбарчик;69.56;162.3
25042;О.Айон;69.94;167.98
25055;Красноармейский;69.54;172.02
25059;Комсомольский;69.14;172.72
25062;Мыс Биллингса;69.88;175.75
25121;Колымская;68.73;158.72
25129;Константиновская;68.15;161.17
25138;Бисер;68.1;164.16
25150;Майская;68.96;173.71
25173;Мыс Шмидта;68.91;-179.49
25273;Иультин;67.87;-178.73
25286;О.Колычин;67.48;-174.65
25372;Амгузма;67;-178.93
25392;Мыс Нэттэн;66.97;-171.96
25434;Уточан;65.67;162.4
25493;О.Ратманова;65.78;-169.09
25496;Залив Лаврентия;65.58;-171.02
25516;Кольцевая;64.37;157.3
25526;Кегали;64.25;161.06
25595;Мыс Чаплина;64.39;-172.23
25608;Каньон;63.28;151.42
25627;Лабазная;63.3;158.5
25648;Слаутное;63.2;167.85
25701;Хатыннах;62.7;150
25708;Синегорье;62.05;150.4
25744;Каменское;62.48;166.21
25777;Бухта Гавриила;62.42;179.13
25816;Пестрая Дрезва;61.52;156.72
25822;Гижига;61.95;160.38
25858;Красная;61.22;172.68
25916;Мыс Алевина;58.85;151.36
25919;Мыс Братьев;59.1;153.33
25922;Шелехова;60.71;155.88
25955;Бухта Лаврова;60.4;167.07
26057;Нарва-Йыэсуу;59.47;28.03
26060;Кронштадт;59.98;29.77
26061;Шепелево;59.85;29.28
26062;Невская;59.92;30.25
26065;Пулково;59.8;30.32
26066;Кипень;59.67;29.85
26067;Волосово;59.43;29.5
26069;Белогорка;59.35;30.13
26070;Ржевка;59.98;30.57
26072;Петрокрепость;59.93;31.05
26081;Волхов;59.92;32.31
26095;Ларьянская;59.57;33.63
26099;Ефимовская;59.5;34.7
26157;Гдов;58.71;27.78
26161;Осьмино;59.01;29.07
26188;Веребье;58.67;32.69
26196;Хвойная;58.9;34.52
26264;Струги Красные;58.27;29.1
26275;Старая Русса;58.01;31.19
26283;Окуловка;58.36;33.31
26285;Крестцы;58.27;32.52
26289;Валдай;57.58;33.14
26291;Боровичи;58.41;33.9
26359;Пушкинские Горы;57.01;28.9
26398;Кувшиново;57.02;34.17
26456;Опочка;56.71;28.71
26462;Сущево;57;29.89
26479;Торопец;56.48;31.63
26487;Западная Двина;56.26;32.07
26488;Лесной Заповедник;56.47;34.93
26578;Велиж;55.61;31.17
26595;Сычевка;55.81;34.26
26607;Пионерский;54.95;20.15
26614;Советск;55.08;21.93
26673;Демидов;55.27;31.52
26681;Ново-Пречистое;55.5;32.34
26686;Сафоново;55.1;33.23
26701;Балтийск;54.65;19.88
26706;Железнодорожный;54.36;21.3
26711;Черняховск;54.63;21.76
26783;Ельня;54.34;33.1
26784;Починок;54.41;32.42
26798;Фаянсовая;54.06;34.37
26992;Брянск;53.22;34.18
26996;Навля;52.5;34.3
27026;Коробово;59.63;39.29
27044;Биряково;59.58;41.48
27071;Кичменгский Городок;59.98;45.82
27126;Владычное;58.81;39.47
27143;Солигалич;59.07;42.27
27157;Чухлома;58.75;42.67
27196;Киров;58.52;49.32
27212;Кесьма;58.39;37.06
27213;Брейтово;58.3;37.87
27217;Бежецк;57.77;36.7
27229;Тутаев;57.9;39.53
27235;Данилов;58.19;40.17
27243;Галич;58.38;42.36
27295;Верхошижемье;58.02;49.12
27305;Толмачи;57.41;35.69
27321;Углич;57.5;38.29
27349;Лух;57.01;42.26
27412;Савелово;56.86;37.38
27447;Ковров;56.34;41.32
27462;Семенов;56.72;44.52
27480;Санчурск;56.97;47.31
27493;Наптас;56.81;49.82
27516;Ленино-Дачное;55.52;37.6
27518;Подмосковная;55.72;37.2
27519;Москва. Тсха;55.83;37.55
27553;Нижний Новгород;56.22;43.82
27561;Ройка;56.22;44.03
27565;Дал.Константиново;55.8;44.83
27593;Арск;56.08;49.88
27594;Вязовые;55.82;48.52
27604;Темкино;55.07;35.01
27606;Малоярославец;55.01;36.48
27614;Михайловское;55.47;37.17
27666;Большое Болдино;55.02;45.32
27679;Алатырь;54.85;46.6
27729;Михайлов;54.22;39.02
27731;Рязань II;54.62;39.72
27734;Старожилово;54.27;39.97
27736;Шилово;54.29;40.88
27756;Краснослободск;54.43;43.76
27777;Большие Березники;54.17;45.98
27782;Дрожжаное;54.72;47.55
27799;Димитровград;54.22;49.59
27809;Болхов;53.43;36.03
27814;Плавск;53.39;37.14
27821;Узловая;54;38.08
27824;Волово;53.56;38
27836;Сараи;53.72;41
27842;Шацк;53.97;41.84
27853;Наровчат;53.86;43.68
27858;Пачелма;53.33;43.31
27861;Инсар;53.86;44.38
27872;Инза;53.51;46.25
27877;Городище;53.28;45.68
27888;Безводовка;53.5;47.94
27890;Тольятти;53.46;49.46
27894;Новодевичье;53.59;48.83
27915;Верховье;52.81;37.26
27921;Ефремов;53.15;38.13
27937;Грязи;52.5;39.92
27944;Тамбов I;52.72;41.47
27961;Каменка Белинская;53.18;44.03
27966;Кондоль;52.82;45.67
27972;Радищево;53.05;46.43
27973;Кузнецк;53.09;46.59
27981;Канадей;53.15;47.51
27983;Сызрань;53.16;48.46
27995;Самара;52.97;49.43
28097;Таурово;59.51;73.25
28105;Белая Холуница;58.83;50.85
28109;Омутнинск;58.69;52.16
28128;Чермоз;58.77;56.2
28131;Кизел;59.02;57.34
28138;Бисер;58.51;58.85
28202;Фаленки;58.34;51.56
28214;Глазов;58.13;52.66
28225;Пермь II;57.57;56.12
28228;Большое Савино;57.92;56.02
28238;Кын;57.83;58.65
28278;Вагайское;57.56;69.02
28307;Уржум;57.11;50
28312;Дебессы;57.63;53.76
28313;Большая Соснова;57.68;54.6
28319;Ножовка;57.08;54.75
28321;Оханск;57.71;55.38
28324;Оса;57.28;55.45
28413;Чайковский;56.75;54.08
28513;Нефтекамск;55.1;54.35
28517;Мензелинск;55.72;53.06
28522;Аскино;56.08;56.58
28525;Хлебодаровка;55.83;56.75
28526;Караидель;55.83;56.92
28535;Емаши;55.93;58.62
28581;Абатский;56.25;70.43
28606;Акташ;55.03;52.13
28610;Дюртюли;55.43;54.7
28613;Верхнеяркеево;55.43;54.33
28617;Азнакаево;54.87;53.1
28624;Кушнаренково;55.13;55.35
28629;Улу-Теляк;54.9;56.95
28687;Булаево;54.9;70.45
28705;Челно-Вершины;54.41;51.1
28710;Раевский;54.08;54.91
28712;Туймазы;54.58;53.72
28713;Буздяк;54.55;54.53
28719;Аксаково;54.02;54.18
28721;Чишмы;54.57;55.38
28726;Архангельское;54.4;56.8
28730;Инзер;54.23;57.5
28736;Учалы;54.37;59.43
28764;Пресногорьковка;54.48;65.78
28775;Явленка;54.35;68.43
28779;Чаглы;54.17;69.53
28785;Возвышенка;54.43;70.92
28801;Красное Поселение;53.96;50.36
28802;Серноводск;53.92;51.27
28817;Троицкое;53.33;52.82
28823;Тукан;53.87;57.42
28826;Федоровка;53.17;55.18
28827;Стерлибашево;53.43;55.25
28831;Белорецк;53.93;58.33
28837;Башгосзаповедник;53.33;57.78
28843;Комсомолец;53.78;62.1
28856;Михайловка;53.62;64.27
28861;Новопокровка;53.83;65.25
28862;Свх.Восход;53.75;66.42
28863;Сергеевка;53.88;67.42
28873;Красноармейск;53.83;69.48
28875;Летовочная;53.73;68.98
28877;Володарское;53.32;68.1
28884;Чкалово;53.62;70.47
28886;Кзылту;53.63;72.37
28894;Свх.Озерный;53.7;73.15
28900;Самара I;53.15;50.13
28901;Аглос;53.05;50.2
28902;Самара Амц;53.5;50.17
28908;Авангард З/Совхоз;52.61;51.27
28916;Шарлык;52.93;54.75
28926;Кананикольское;52.78;57.47
28927;Кумертау;52.77;55.78
28928;Мраково;52.72;56.63
28935;Сибай;52.67;58.67
28938;Баймак;52.6;58.33
28943;Есенкульская;53.2;62.28
28948;Аршалинский;52.72;61.2
29103;Катыльга;59.04;76.44
29154;Усть-Озерное;58.88;87.75
29241;Белый Яр;58.56;85.1
29289;Гонда;57.92;97.22
29325;Парбиг;57.27;81.4
29339;Красный Яр;57.13;84.53
29356;Чиндат;57.36;89.31
29376;Бурный;57.4;94.9
29492;Выдрино-На-Чуне;56.83;99.03
29536;Юрга;55.71;84.83
29552;Тяжин;56.11;88.51
29553;Боготол;56.23;89.58
29558;Шарыпово;55.53;89.2
29561;Назарово;56.03;90.31
29562;Кемчуг;56.1;91.66
29571;Минино;56.07;92.73
29572;Емельяново;56.18;92.62
29574;Красноярск II;56;92.88
29580;Солянка;56.02;95.27
29583;Ключи;56.11;97.31
29641;Топки;55.28;85.6
29644;Промышленная;54.95;85.66
29653;Ужур;55.3;89.81
29673;Вершино-Рыбное;55.27;94.3
29675;Колба;55.11;93.33
29752;Ненастная;54.75;88.81
29761;Первомайское;54.73;90.86
29768;Лебяжье;54.2;91.58
29771;Щетинкино;54.53;93.43
29794;Нерой;54.46;97.83
29807;Иртышск;53.35;75.45
29808;Федоровская;53.37;76.32
29816;Хабары;53.61;79.55
29817;Лозовое;53.27;77.8
29822;Камень-На-Оби;53.8;81.33
29827;Баево;53.26;80.76
29832;Тальменка;53.81;83.91
29836;Заринск;53.75;84.93
29837;Шелаболиха;53.41;82.61
29839;Барнаул II;53.34;83.81
29848;Тогул;53.46;85.91
29865;Абакан;53.75;91.4
29866;Минусинск;53.7;91.7
29900;Краснокутск;53;76
29906;Успенка;52.93;77.42
29915;Славгород;52.96;78.65
29916;Благовещенка;52.77;79.83
29923;Ребриха;53.06;82.3
29928;Мамонтово;52.7;81.62
29936;Троицкое;52.98;84.66
29937;Алейская;52.51;82.76
29939;Бийск-Зональная;52.68;84.95
29941;Целинное;53.13;85.83
29947;Бийск;52.46;85.36
29973;Верхний Амыл;53.13;94.5
29974;Оленья Речка;52.8;93.23
30102;Кежма;58.97;101.08
30138;Чечуйск;58.09;108.68
30142;Визирный;58.88;111.25
30151;Воронцовка;58.84;112.9
30165;Светлый;58.41;116.01
30209;Ершово;57.12;102.3
30219;Максимово;57.1;104.97
30246;Конкудера;57.57;112.5
30252;Мамакан;57.82;114.02
30255;Таежная;57.18;114
30263;Ничатка;57.73;117.55
30305;Кобляково;56.58;101.43
30308;Вихоревка;56.17;101.17
30322;Звездный;56.75;106.48
30333;Ангаракан;56.28;113.37
30364;Муй;56.5;115.66
30376;Наминга;56.63;118.53
30406;Калтук;55.68;101.75
30413;Коченга;55.92;104.1
30418;Подволочное;55.2;103.37
30424;Головское;55.47;105.48
30430;Кунерма;55.8;108.4
30432;Гоуджекит;55.7;109.05
30436;Байкальское;55.33;109.18
30439;Томпа;55.11;109.75
30442;Кумора;55.88;111.22
30457;Баунт;55.27;113.13
30498;Елгакан;55.5;123.28
30509;Саянск;54.05;102.12
30519;Лукиново;54.18;104.7
30536;Баргузинский Зап.;54.33;109.53
30542;Тасса;54.85;111.15
30545;Икатский Перевал;54.37;111.48
30550;Усойский Хребет;54.52;113.23
30604;Белозиминская;53.57;100.57
30605;Сарам;53.35;101.2
30611;Новонукутск;53.7;102.68
30615;Оса;53.4;103.87
30616;Кутулик;53.38;102.78
30620;Сарма;53.1;106.83
30629;Хужир;53.2;107.33
30632;О.Бол.Ушканий;53.85;108.58
30637;Узур;53.32;107.73
30638;Нижнее Изголовье;53.45;108.5
30643;Усть-Джилинда;53.67;111.95
30711;Шелехов;52.2;104.08
30712;Усолье-Сибирское;52.75;103.68
30715;Ангарск;52.47;103.84
30716;Хомутово;52.47;104.37
30718;Патроны;52.13;104.47
30726;Сухая;52.56;107.13
30756;Чита (Кадала);52.02;113.33
30803;Аршан;51.92;102.43
30806;Кырен;51.68;102.13
30811;Тунка;51.73;102.53
30815;Хамар-Дабан;51.53;103.6
30816;Выдрино;51.45;104.65
30818;Байкальск;51.64;104.13
30822;Бабушкин;51.71;105.85
30824;Танхой;51.56;105.11
30825;Иволгинск;51.75;107.28
30826;Тарбагатай;51.48;107.37
30828;Иро;51.03;105.98
30831;Улан-Удэ. Аэропорт;51.8;107.43
30832;Илька;51.72;108.5
30833;Кижинга;51.87;109.87
30836;Бада;51.38;109.83
30845;Харагун;51.55;111.18
30849;Горекацан;51.13;111.92
30855;Ульзутуевская;51.65;113.97
30856;Седловая;51.47;114.52
30929;Хамнигадайская;50.12;107.45
30932;Малета;50.83;108.4
30947;Шумиловка;50.06;110.15
30965;Борзя;50.4;116.51
30967;Соловьевск;49.9;115.75
30969;Красный Великан;50.08;117.07
30975;Приаргунск;50.4;119.11
30977;Краснокаменск;50.07;118.15
30978;Кайластуй;49.83;118.38
31062;Югоренок;59.76;137.66
31083;Хейджан;59.96;144.78
31093;Мыс Горбей;59.62;149.11
31096;О. Спафарьева;59.15;149.03
31163;Энкан;57.77;140.32
31235;Джана;55.33;134.5
31288;Тором;54.07;135.78
31331;Баладек;53.66;133.08
31346;Тугур;53.77;136.8
31364;Кульчи;53.57;139.65
31371;Черняево;52.78;126
31377;Аносово;52.17;126.58
31384;Гарь;52.56;129.07
31421;Гуга;52.7;137.53
31436;Джаоре;52.4;141.17
31437;Сомнительный Прииск;52.17;139.17
31441;Саскаль;51.65;126.92
31457;Маргаритовка;51.33;129.22
31482;Дуки;51.72;135.92
31497;Бактор;51.13;137.43
31509;Де-Кастри;51.47;140.77
31517;Садовое;50.22;127.88
31521;Братолюбовка;50.78;129.33
31524;Екатеринославка;50.37;129.08
31573;Сизиман;50.73;140.42
31577;Сихотэ-Алинь;50.17;139.03
31586;Константиновка;49.62;127.97
31587;Поярково;49.61;128.65
31593;Хара;49.82;130.88
31618;Бира;49.02;132.47
31628;Кукан;49.2;133.47
31636;Неран;49.54;134.72
31651;Болонь;49.9;136.13
31653;Верхний Нерген;49.83;136.78
31661;Анюй;49.23;137.12
31703;Биракан;49;131.72
31704;Помпеевка;48.34;130.79
31724;Желтый Яр;48.57;133.05
31734;Хабаровск I;48.52;135.12
31736;Хабаровск III;48.52;135.22
31823;Гроссевичи;47.97;139.52
31869;Монерон;46.25;141.26
31921;Астраханка;44.71;132.06
31928;Халкидон;44.27;132.4
31931;Свиягино;44.8;133.08
31962;Приморская Воднобал.;43.63;132.23
31966;Тереновка;43.55;131.88
31967;Гамов;42.55;131.21
31969;Посьет;42.65;130.8
31977;Владивосток;43.27;132.05
31993;Фурманово;43.98;134.68
32004;Рыбновск;53.25;141.8
32057;Адо-Тымово;51.13;142.66
32091;Победино;49.83;142.82
32131;Взморье;47.85;142.53
32165;Южно-Курильск;44.01;145.81
32166;Малокурильское;43.53;146.5
32195;Симушир;46.85;151.86
32207;Матуа;48.06;153.22
32212;Шумшу;50.65;156.4
32215;Северо-Курильск;50.68;156.13
32217;Мыс Васильева;50.02;155.25
32222;Теви;59.6;160.75
32285;О.Птичий;57.17;156.6
32287;Усть-Хайрюзово;57.08;156.7
32331;Начикинская;57.8;162.1
33166;Рыльск;51.56;34.68
34003;Поныри;52.31;36.3
34005;Фатеж;52.05;35.52
34027;Ново-Касторное;51.78;38.13
34056;Ртищево;52.25;43.78
34059;Ростоши;51.87;43.58
34069;Аткарск;51.86;45.02
34072;Карабулак;52.33;46.36
34098;Пугачев;52;48.8
34102;Курчатов;51.65;35.68
34103;Петринка;51.6;36.25
34106;Курск;51.73;36.27
34110;Богородицкое-Фенино;51.1;37.21
34112;Тим;51.61;37.13
34120;Воронеж;51.8;39.22
34121;Нижнедевицк;51.33;38.23
34122;Воронеж I;51.65;39.25
34126;Нововоронеж;51.28;39.22
34139;Каменная Степь;51.03;40.42
34163;Октябрьский Городок;51.63;45.45
34169;Сплавнуха;51.07;45.38
34173;Маркс;51.7;46.73
34186;Ершов;51.33;48.35
34199;Озинки;51.2;49.75
34202;Готня;50.8;35.76
34208;Золочев;50.3;35.95
34213;Новый Оскол;50.75;37.86
34240;Урюпинск;50.8;42
34253;Елань;50.95;43.73
34254;Новоанненский;50.52;42.68
34262;Рудня;50.83;44.56
34267;Даниловка;50.36;44.11
34271;Золотое;50.81;45.87
34273;Красный Кут;50.95;46.96
34283;Орлов Гай;50.92;48.22
34289;Новоузенск;50.43;48.13
34344;Казанская;49.8;41.15
34348;Вешенская;49.63;41.73
34352;Михайловка;50.08;43.27
34356;Фролово;49.79;43.66
34357;Серафимович;49.56;42.75
34362;Ольховка;49.87;44.55
34373;Палласовка;50.04;46.87
34385;Ащиозек;49.77;47.77
34391;Александров-Гай;50.14;48.54
34394;Казталовка;49.83;48.68
34432;Чертково;49.38;40.16
34438;Миллерово;48.93;40.38
34445;Боковская;49.21;41.83
34461;Иловля;49.3;44
34473;Джаныбек;49.4;46.8
34476;Эльтон;49.13;46.85
34494;Курмангазы;49.18;48.88
34535;Каменск-Шахтин;48.33;40.28
34545;Морозовск;48.35;41.86
34552;Калач-На-Дону;48.68;43.48
34554;Обливская;48.55;42.5
34555;Нижний Чир;48.36;43.1
34561;Волгоград. Схи;48.67;44.45
34578;Черный Яр;48.04;46.07
34579;Верхний Баскунчак;48.21;46.73
34588;Суюндук;48.13;47.7
34625;Матвеев Курган;47.56;38.88
34635;Шахты;47.7;40.26
34636;Семикаракорск;47.52;40.83
34644;Константиновск;47.58;41.1
34646;Цимлянск;47.73;42.25
34652;Красноярский;47.9;43.07
34655;Котельниково;47.38;43.09
34662;Малые Дербеты;47.93;44.7
34668;Кетченеры;47.32;44.57
34687;Харабали;47.4;47.25
34699;Мынтюбе;47.43;49.92
34720;Таганрог;47.2;38.95
34719;Должанская;46.68;37.73
34723;Азов;47.11;39.41
34725;Маргаритово;46.93;38.87
34727;Ейск;46.79;38.27
34729;Староминская;46.53;39.02
34731;Ростов-На-Дону II;47.15;39.49
34733;Веселый;47.1;40.75
34735;Зерноград;46.85;40.31
34737;Кущевская;46.56;39.63
34740;Гигант;46.51;41.33
34743;Зимовники;47.15;42.48
34742;Большая Мартыновка;47.23;41.65
34747;Целина;46.55;41.05
34748;Пролетарская;46.42;41.44
34753;Заветное;47.11;43.93
34759;Ремонтное;46.56;43.66
34772;Юста;47.13;46.31
34785;Досанг;46.91;47.93
34824;Приморско-Ахтарск;46.03;38.15
34825;Каневская;46.06;38.96
34834;Сосыка;46.13;39.83
34836;Белая Глина;46.08;40.88
34838;Тихорецк;45.85;40.08
34842;Сальск;46.47;41.52
34845;Городовиковск;46.06;41.96
34848;Красногвардейское;45.83;41.48
34858;Дивное;45.91;43.35
34861;Элиста;46.31;44.3
34868;Ики-Бурул;45.8;44.63
34871;Утта;46.37;46.02
34887;Лиман;45.48;47.13
34894;Зеленга;46.11;48.37
34915;Кубанская;45.31;37.38
34917;Тамань;45.22;36.72
34922;Тимашевск;45.63;38.93
34924;Славянск-На-Кубани;45.28;38.11
34926;Кореновск;45.47;39.48
34928;Белозерный;45.1;38.73
34936;Кропоткин;45.43;40.56
34937;Усть-Лабинск;45.23;39.7
34944;Ново-Александровск;45.5;41.2
34945;Изобильный;45.37;41.7
34949;Ставрополь;45.05;42.01
34958;Благодарный;45.1;43.45
34964;Арзгир;45.4;44.2
34975;Комсомольский;45.35;46.03
34984;Лагань;45.4;47.35
34988;Астраханский П/М;44.45;47.93
34989;О.Искусственный;45.38;47.77
35007;Перелюб;51.86;50.33
35008;Первомайский;51.9;51.65
35011;Сорочинск;52.43;53.13
35015;Нвосергеевка;52.08;53.63
35022;Троицкое;52.33;56.37
35027;Чебеньки;51.9;55.72
35037;Акьяр;51.86;58.18
35038;Энергетик;51.77;58.83
35086;Свх.Минский;52.17;72.33
35120;Соль-Илецк;51.09;55.01
35125;Беляевкаа;51.41;56.41
35126;Кувандык;51.45;57.4
35127;Ак-Булак;51.02;55.63
35133;Адамовка;51.51;59.94
35138;Орск;51.06;58.59
35145;Северный;51.23;61.77
35148;З/Свх Озерный;51.1;60.87
35244;Комсомольское;50.42;60.47
36020;Родино;52.5;80.2
37001;Анапа;44.88;37.28
37002;Крымск;44.92;38
37004;Геленджик;44.56;38.08
37009;Джубга;44.33;38.72
37013;Белореченск;44.75;39.9
37014;Горячий Ключ;44.63;39.1
37017;Горный;44.27;39.27
37018;Туапсе;44.1;39.06
37021;Майкоп;44.61;40.08
37026;Лабинск;44.67;40.75
37027;Даховская;44.22;40.22
37028;Псебай;44.13;40.78
37031;Армавир;44.98;41.11
37035;Отрадная;44.24;41.29
37036;Невинномысск;44.63;41.96
37047;Черкесск;44.23;42.05
37050;Пятигорск;44.05;43.03
37051;Александровское;44.71;43
37056;Зеленокумск;44.26;43.53
37058;Георгиевск;44.09;43.28
37061;Буденновск;44.8;44.16
37071;Нефтекумск;44.78;45.05
37075;Южно-Сухокумск;44.35;45.83
37077;Рощино;44.15;45.2
37079;Терекли-Мектеб;44.08;45.53
37082;Артезиан;44.95;46.72
37089;О-В Тюлений;44.46;47.48
37099;Сочи;43.35;39.46
37104;Ачишхо;43.72;40.15
37107;Красная Поляна;43.68;40.2
37112;Зеленчукская;43.87;41.57
37116;Карачаевск;43.78;41.9
37123;Кисловодск;43.54;42.43
37126;Шаджатмаз;43.73;42.67
37144;Прохладная;43.75;44.05
37145;Моздок;43.73;44.66
37157;Наурская;43.65;45.32
37163;Кизляр;43.86;46.76
37169;Бабаюрт;43.36;46.47
37193;Теберда;43.45;41.72
37196;Клухорский Перевал;43.25;41.83
37204;Терскол;43.25;42.52
37209;Местия;43.05;42.75
37220;Беслан;43.2;44.62
37227;Алагир;43.07;44.25
37218;Назрань;43.15;44.85
37244;Гудермез;43.34;46.11
37248;Хасавюрт;43.16;46.51
37253;О.Чечень;43.97;47.65
37259;Махачкала;43;47.5
37361;Ведено;42.97;46.1
37367;Ботлих;42.41;46.12
37369;Хунзах;42.4;46.7
37461;Сулак Высокогорная;42.37;46.25
37463;Гуниб;42.4;46.97
37470;Дербент;42.06;48.3
37471;Буйнакск;42.81;47.11
37473;Изберг;42.52;47.91
37474;Леваши;42.43;47.33
37475;Сергокала;42.45;47.66
37477;Кулух;42.12;47.12
37478;Махачкала (Уйташ);42.68;47.68
37479;Маджалис;42.13;47.83
37497;Кеда;41.36;41.57
37597;Касумкент;41.66;48.15
37663;Ахты;41.46;47.75
30309;Братск;56.28;101.75
33922;Раздольное;45.78;33.48
33924;Черноморское;45.51;32.7
33929;Евпатория;45.18;33.36
33933;Ишунь;45.91;33.81
33934;Джанкой;45.71;34.4
33939;Клепинино;45.53;34.2
33945;Почтовое;44.83;33.95
33946;Симферополь;45.01;33.98
33955;Симферополь;44.95;34.11
33957;Карагач;44.91;35.21
33958;Ангарский перевал;44.75;34.35
33959;Алушта;44.68;34.41
33961;Стрелковое;45.88;34.88
33962;Нижнеохирск;45.45;34.73
33966;Крымское;45.05;34.6
33973;Владиславовка;45.16;35.36
33976;Феодосия;45.03;35.38
33981;Мысовое;45.45;35.83
33983;Керчь;45.36;36.43
33986;Опасное;45.36;36.63
33990;Ялта;44.5;34.16
33991;Севастополь;44.61;33.53
33994;Херсонес;44.58;33.38
33995;Никитский сад;44.51;34.25
33998;Ай-Петри;44.43;34.08
